SKU,committed,totalLocationsQuantity
CR-V32P-High-Vis-Orange-L,1,454
CR-V32P-High-Vis-Yellow-L,8,252
CR-V35-High-Vis-Orange-XL,0,140
CR-CAP-FW-Red-Free Size,27,27
CR-P31-High-Vis-Yellow-/-Navy-2XL,0,400
CR-V33-High-Vis-Yellow-5XL,0,47
CR-P41-High-Vis-Orange-/-Grey-M,0,99
CR-V10-High-Vis-Yellow-2,0,150
SY-ZT460-High-Vis-Yellow-Navy-2XL,0,1
gv-hvp26-High-Vis-Orange-Navy-5XL,0,0
CR-V32-High-Vis-Orange-S,18,1020
CR-P41-High-Vis-Yellow-/-Pink-5XL,0,50
CR-V32-Pink-2XL,4,4
CR-F40-High-Vis-Orange-Navy-M,0,113
CR-F51-High-Vis-Orange-/-Navy-2XL,0,109
CR-P41-High-Vis-Yellow-/-Pink-L,0,100
CR-V22-White-5XL,0,43
CR-P36-High-Vis-Yellow-/-Navy-XL,0,250
CR-V32P-High-Vis-Yellow-5XL,0,50
TG-HHGFA-Bottle-Green-Free Size,0,12
CR-P26-High-Vis-Yellow-Navy-7XL,0,40
CR-F100-Black-S,0,100
CR-V22-Pink-3XL,0,194
CR-F41-High-Vis-Orange-/-Navy-M,0,30
CR-V22-Black-2XL,0,41
RAMO-TP212H-Black-S,0,0
CR-P21-High-Vis-Yellow-/-Navy-5XL,0,190
CR-V22P-High-Vis-Yellow-7XL,0,50
CR-P31-High-Vis-Yellow-/-Navy-M,0,200
WSK131-CRIMSON-4,0,0
CR-HVP711-High-Vis-Orange-XL,0,36
CR-V22-Sun-Yellow-2XL,15,248
BL-T28-Heather-Grey-2XL,0,0
CR-P36-High-Vis-Yellow-/-Navy-2XL,0,300
SY-ZH248-High-Vis-Yellow-Charcoal-2XL,0,0
CR-P41-High-Vis-Yellow-/-Grey-M,0,250
CR-F51-High-Vis-Orange-/-Navy-XL,0,107
CR-F40-High-Vis-Orange-Navy-5XL,0,100
CR-V12-High-Vis-Orange-4-6,0,213
CR-P31-High-Vis-Orange-/-Navy-7XL,0,100
CR-F41-High-Vis-Orange-/-Navy-L,0,80
CR-V22-Purple-L,0,338
CR-V22-Maroon-XL,0,300
CR-V22-Purple-XL,0,218
CR-P36-High-Vis-Orange-/-Navy-2XL,0,450
TG-HHWCW-White-Free Size,0,41
RM-T111HD-Black-L,0,0
CR-V22-Black-5XL,0,46
CR-F41-High-Vis-Orange-/-Navy-S,0,48
CR-S21-High-Vis-Yellow-/-Navy-3XL,0,0
CR-V35-High-Vis-Orange-S,0,100
CR-V37-High-Vis-Red-7XL,0,100
CR-V22-Red-L,82,204
LW-W11-High-Vis-Yellow-Grey-L,0,5
CR-VDN-STAFF-HIGH-VIS-YELLOW-M,0,0
CR-V32-High-Vis-Orange-2XL,5,1266
CR-V22-White-2XL,3,94
CR-V22-Aqua-S,0,167
CR-P26-High-Vis-Yellow-Navy-XS,0,40
CR-V22-Pink-5XL,0,150
CR-F22-High-Vis-Yellow-/-Navy-M,0,40
CR-V33-High-Vis-Orange-2XL,50,148
CR-HVS462-High-Vis-Orange-/-Navy-L,0,49
CR-F51-High-Vis-Orange-/-Navy-5XL,0,60
CR-V22P-High-Vis-Orange-7XL,0,50
CR-P36-High-Vis-Orange-/-Navy-XS,0,100
CR-V22-Light-Blue-XS,0,94
CR-V22-Aqua-3XL,0,47
CR-F22-High-Vis-Yellow-/-Navy-3XL,0,55
LW-W05-Sky-Blue-M,0,0
LW-W05-Sky-Blue-L,0,0
LW-W05-Emerald-Green-L,0,3
CR-V22P-High-Vis-Yellow-2XL,0,44
CR-V22-High-Vis-Orange-S,0,1853
CR-P41-High-Vis-Yellow-/-Pink-2XL,0,50
CR-P31-High-Vis-Yellow-/-Navy-3XL,0,95
CR-P41-High-Vis-Yellow-/-Navy-5XL,0,50
SY-ZH290-High-Vis-Orange-4XL,0,0
CR-P21-High-Vis-Orange-/-Navy-7XL,0,200
CR-V22-High-Vis-Yellow-3XL,0,50
CR-P26-High-Vis-Yellow-Navy-XL,100,690
CR-F51-High-Vis-Yellow-/-Navy-L,0,39
CR-V37-High-Vis-Red-XS,0,99
CR-V32P-High-Vis-Orange-3XL,0,100
CR-P21-High-Vis-Orange-/-Navy-2XL,0,1010
CR-V22-High-Vis-Orange-5XL,5,80
CR-S21-High-Vis-Yellow-/-Navy-5XL,0,500
CR-T21-High-Vis-Yellow-L,1,696
CR-P21-High-Vis-Orange-/-Navy-M,10,50
CR-V10-High-Vis-Orange-4,0,180
CR-P36-High-Vis-Orange-/-Navy-S,0,250
CR-V32-High-Vis-Yellow-7XL,2,180
CR-V22-Bottle-Green-5XL,0,50
CR-V22-Light-Blue-XL,0,243
CR-P41-Black-/-White-2XL,0,0
CR-V34-High-Vis-Yellow-/-Navy-M,0,127
CR-V10-High-Vis-Yellow-6,0,225
CR-P36-High-Vis-Orange-/-Navy-XL,3,550
gv-hvp26-High-Vis-Yellow-Navy-3XL,0,94
CR-P26-High-Vis-Yellow-Navy-2XL,50,185
CR-F22-High-Vis-Yellow-/-Navy-L,0,100
CR-V22-Navy-2XL,0,47
CR-V32-Pink-3XL,2,247
CR-P31-High-Vis-Yellow-/-Navy-XS,0,100
CR-P31-High-Vis-Orange-/-Navy-XS,0,100
CR-P41-High-Vis-Yellow-/-Grey-S,0,146
CR-F40-High-Vis-Orange-Navy-2XL,0,100
CR-V22-Navy-3XL,0,46
CR-V33-High-Vis-Orange-XL,50,99
CR-V22-Pink-L,0,441
CR-VDN-STAFF-HIGH-VIS-ORANGE-L,0,0
CR-P31-High-Vis-Orange-/-Navy-5XL,0,149
CR-V34-High-Vis-Orange-/-Navy-3XL,0,149
CR-P46-High-Vis-Orange-/-Grey-S,0,37
LW-W05-White-L,0,2
CR-P46-High-Vis-Yellow-/-Grey-2XL,0,40
CR-V38-High-Vis-Orange-3XL,0,35
CR-T21-High-Vis-Yellow-M,0,500
CR-V52-High-Vis-Yellow-L,0,1383
CR-V35-High-Vis-Orange-5XL,0,0
CR-P36-High-Vis-Orange-/-Navy-L,5,599
CR-V10-High-Vis-Yellow-4,0,200
CR-V52-High-Vis-Orange-2XL,0,264
CR-P41-High-Vis-Yellow-/-Grey-2XL,0,100
CR-P26-High-Vis-Orange-Navy-S,0,337
CR-V22-Pea-Green-7XL,0,48
CR-V22-High-Vis-Orange-2XL,7,400
CR-VDN-STAFF-HIGH-VIS-ORANGE-2XL,0,0
CR-V33-High-Vis-Orange-XS,0,99
CR-V22-Aqua-5XL,0,99
CR-P26-High-Vis-Orange-Navy-M,6,195
CR-F41-High-Vis-Yellow-/-Navy-XL,0,70
LW-W11-High-Vis-Yellow-Grey-3XL,0,1
BL-T28-Heather-Grey-S,0,0
CR-T21-High-Vis-Yellow-2XL,4,495
CR-P46-High-Vis-Yellow-/-Grey-M,0,160
SY-ZT460-High-Vis-Yellow-Navy-M,0,0
CR-V22-Royal-7XL,0,0
CR-HVS462-High-Vis-Orange-/-Navy-S,0,50
CR-P46-High-Vis-Orange-/-Grey-5XL,0,0
CR-V34-High-Vis-Yellow-/-Navy-XS,0,75
CR-V35-High-Vis-Orange-3XL,0,50
CR-V22-Royal-XL,0,136
CR-V22-Black-3XL,0,50
CR-V22-Pea-Green-2XL,7,212
CR-VDN-STAFF-HIGH-VIS-YELLOW-3XL,0,0
CR-V22-Pink-S,4,745
CR-V22-Red-7XL,0,123
CR-V32P-High-Vis-Orange-S,0,195
CR-V22-Royal-L,0,274
CR-V33-High-Vis-Yellow-XS,0,99
CR-V22-Purple-3XL,0,44
CR-V22-Navy-5XL,0,48
CR-P41-High-Vis-Yellow-/-Pink-S,0,74
CR-V32-High-Vis-Yellow-XL,204,660
CR-V22-Sun-Yellow-XL,13,108
LW-W11-High-Vis-Yellow-Grey-M,0,5
CR-VDN-STAFF-HIGH-VIS-ORANGE-5XL,0,0
CR-V22-High-Vis-Orange-XL,49,273
CR-P31-High-Vis-Orange-/-Navy-M,0,550
CR-F40-High-Vis-Orange-Navy-L,0,7
CR-V22-Aqua-M,0,179
CR-V22-Navy-L,0,294
CR-P41-Black-/-White-XL,0,0
CR-P46-High-Vis-Orange-/-Grey-3XL,0,39
CR-P21-High-Vis-Orange-/-Navy-3XL,0,188
CR-V32-Pink-5XL,0,83
CR-F40-High-Vis-Orange-Navy-XL,0,101
CR-V37-High-Vis-Red-3XL,0,100
CR-V22-Maroon-7XL,0,50
HW-4199-Purple-FREE SIZE,0,5
BL-T28-Heather-Grey-XL,0,0
CR-P31-High-Vis-Orange-/-Navy-2XL,0,349
CR-P46-High-Vis-Orange-/-Grey-M,0,73
CR-V22-Bottle-Green-3XL,0,49
CR-CAP-FLW-Yellow-Free Size,10,264
CR-V22P-High-Vis-Yellow-L,0,3
CR-V10-High-Vis-Orange-6,0,175
CR-V22-Red-M,1,252
CR-V35-High-Vis-Orange-7XL,0,0
CR-P46-High-Vis-Orange-/-Grey-2XL,0,40
SY-ZV426-High-Vis-Orange-Navy-2XL,0,0
CR-V32-High-Vis-Yellow-S,2,1444
CR-V37-High-Vis-Red-M,0,64
CR-V37-High-Vis-Red-L,0,87
CR-V22-Sun-Yellow-XS,0,96
CR-P41-High-Vis-Orange-/-Grey-XL,0,150
CR-V22-Purple-M,0,205
RAMO-TP212S-Black-M,0,0
CR-V34-High-Vis-Orange-/-Navy-5XL,0,100
CR-V22-Red-5XL,0,119
CR-P41-Black-/-Grey-2XL,0,50
CR-V22-Light-Blue-S,0,383
CR-P41-Black-/-Grey-L,0,100
CR-V16-High-Vis-Yellow-12-14,0,98
LW-W05-Royal-M,0,0
TG-59-White-Free Size,0,0
CR-V52-High-Vis-Orange-S,0,163
CR-P36-High-Vis-Orange-/-Navy-5XL,2,100
CR-P41-Black-/-White-M,0,0
CR-V22-High-Vis-Yellow-XL,20,1041
CR-V34-High-Vis-Orange-/-Navy-L,0,237
CR-V34-High-Vis-Orange-/-Navy-XS,0,150
CR-V32-High-Vis-Orange-XS,0,345
LW-W05-Red-L,0,7
CR-CAP-CW-White-Free Size,3,475
CR-V22-Purple-XS,0,100
CR-V38-High-Vis-Orange-XL,0,170
gv-hvp26-High-Vis-Yellow-Navy-L,0,90
CR-V22-Navy-7XL,0,50
CR-F22-High-Vis-Yellow-/-Navy-XL,0,120
CR-S21-High-Vis-Yellow-/-Navy-XL,0,474
CR-P46-High-Vis-Yellow-/-Grey-5XL,0,1
CR-V32P-High-Vis-Yellow-2XL,0,1
CR-V22-Pea-Green-S,2,492
CR-F51-High-Vis-Orange-/-Navy-L,0,16
CR-V22-Light-Blue-M,25,367
CR-V52-High-Vis-Yellow-XL,0,997
SY-ZT460-High-Vis-Yellow-Navy-3XL,0,0
CR-V12-High-Vis-Orange-12-14,0,313
CR-V22-Pea-Green-L,6,106
CR-HVS462-High-Vis-Orange-/-Navy-XL,0,50
CR-V12-High-Vis-Yellow-8-10,0,243
CR-T21-High-Vis-Yellow-3XL,0,0
LW-W11-High-Vis-Yellow-Grey-2XL,0,1
CR-F41-High-Vis-Yellow-/-Navy-S,0,49
CR-P21-High-Vis-Yellow-/-Navy-XL,0,581
CR-V34-High-Vis-Yellow-/-Navy-3XL,0,107
CR-V22P-High-Vis-Yellow-XL,0,34
CR-P36-High-Vis-Yellow-/-Navy-XS,0,100
CR-V22-Black-L,0,468
CR-V22-Red-XL,133,5138
CR-F51-High-Vis-Orange-/-Navy-M,0,16
CR-V22P-High-Vis-Orange-3XL,0,40
CR-V38-High-Vis-Orange-S,0,0
CR-F22-High-Vis-Yellow-/-Navy-S,0,60
CR-CAP-DCW-White-FREE SIZE,6,248
CR-V22-Pink-2XL,0,0
CR-P46-High-Vis-Yellow-/-Grey-XL,0,158
CR-V22P-High-Vis-Orange-M,0,75
CR-V16-High-Vis-Yellow-4-6,0,0
RM-T111HD-Black-S,0,0
CR-V38-High-Vis-Orange-5XL,0,50
CR-V34-High-Vis-Orange-/-Navy-S,0,136
CR-S21-High-Vis-Yellow-/-Navy-M,0,472
CR-P26-High-Vis-Orange-Navy-3XL,0,230
CR-V22-Pink-XL,0,268
CR-V22-Black-XS,0,49
CR-F40-High-Vis-Orange-Navy-S,0,100
CR-F41-High-Vis-Yellow-/-Navy-2XL,0,30
SY-ZT460-High-Vis-Yellow-Navy-L,0,0
SY-ZH248-High-Vis-Yellow-Charcoal-M,0,0
CR-P21-High-Vis-Orange-Navy-XS,0,349
CR-P41-High-Vis-Yellow-/-Grey-L,0,600
CR-V52-High-Vis-Yellow-S,0,491
CR-VDN-STAFF-HIGH-VIS-YELLOW-L,0,0
CR-F51-High-Vis-Yellow-/-Navy-S,0,40
CR-P41-High-Vis-Orange-/-Grey-7XL,0,50
CR-VDN-STAFF-HIGH-VIS-YELLOW-5XL,0,0
CR-V32-High-Vis-Orange-3XL,0,163
CR-V22-Purple-7XL,0,48
CR-P41-Black-/-Grey-S,0,50
CR-F41-High-Vis-Yellow-/-Navy-3XL,0,60
CR-V34-High-Vis-Yellow-/-Navy-2XL,0,129
CR-V33-High-Vis-Orange-5XL,0,100
CR-P41-High-Vis-Orange-/-Grey-5XL,0,50
CR-V22-Maroon-S,0,200
CR-V33-High-Vis-Orange-L,50,238
CR-P41-White-/-Grey-2XL,0,50
CR-V37-High-Vis-Red-S,10,147
WSK131-Electric-Green-4,0,0
CR-VDN-STAFF-HIGH-VIS-ORANGE-3XL,0,0
CR-F41-High-Vis-Orange-/-Navy-5XL,0,60
CR-V34-High-Vis-Yellow-/-Navy-S,0,115
CR-V33-High-Vis-Orange-M,50,246
CR-V32-High-Vis-Yellow-2XL,55,269
CR-P46-High-Vis-Orange-/-Grey-L,0,191
CR-P41-White-/-Grey-L,0,100
CR-P36-High-Vis-Yellow-/-Navy-S,0,250
CR-V22-Maroon-L,0,500
CR-P41-Black-/-White-L,0,0
CR-V22-Red-3XL,1,40
CR-V22-High-Vis-Yellow-M,20,204
CR-P21-High-Vis-Yellow-Navy-XS,0,350
CR-V22-High-Vis-Orange-M,3,178
CR-V12-High-Vis-Yellow-4-6,0,191
CR-S21-High-Vis-Yellow-/-Navy-2XL,0,476
BL-T28-Heather-Grey-M,0,0
CR-V12-High-Vis-Yellow-12-14,0,197
RM-T111HD-Black-M,0,0
CR-V16-High-Vis-Orange-4-6,0,80
CR-V22-Royal-2XL,0,34
CR-P26-High-Vis-Orange-Navy-L,8,653
CR-P41-White-/-Grey-M,0,48
CR-V22-High-Vis-Orange-L,8,375
CR-V32-High-Vis-Yellow-XS,49,79
CR-V22-White-3XL,3,230
CR-P41-High-Vis-Yellow-/-Pink-7XL,0,50
CR-V22-White-M,1,1064
JB-6HFV-Aqua-L,0,50
CR-P36-High-Vis-Yellow-/-Navy-L,0,700
gv-hvp26-High-Vis-Yellow-Navy-M,0,98
CR-VDN-STAFF-HIGH-VIS-ORANGE-S,0,0
CR-V32-Pink-XS,21,6598
CR-P21-High-Vis-Yellow-/-Navy-M,0,327
CR-P46-High-Vis-Yellow-/-Grey-7XL,0,41
CR-V33-High-Vis-Orange-3XL,50,100
CR-V22-Navy-M,0,150
CR-V32-High-Vis-Yellow-L,85,1376
CR-P21-High-Vis-Orange-/-Navy-S,10,813
CR-P41-High-Vis-Orange-/-Grey-3XL,0,49
CR-V32-High-Vis-Yellow-M,120,558
CR-V22-Sun-Yellow-5XL,0,47
CR-V22-Black-M,0,276
CR-V22-Pink-7XL,0,130
CR-V22-Navy-S,0,200
TG-HHWDCW-White-Free Size,0,26
CR-V34-High-Vis-Yellow-/-Navy-5XL,0,150
CR-F22-High-Vis-Orange-/-Navy-2XL,0,160
CR-F41-High-Vis-Orange-/-Navy-3XL,0,130
CR-P21-High-Vis-Yellow-/-Navy-3XL,0,236
CR-F22-High-Vis-Orange-/-Navy-S,0,125
CR-V22-Bottle-Green-XL,0,289
CR-V34-High-Vis-Yellow-/-Navy-7XL,0,48
CR-P31-High-Vis-Orange-/-Navy-S,0,200
CR-P41-Black-/-Grey-XL,0,48
CR-V33-High-Vis-Yellow-7XL,0,47
CR-V38-High-Vis-Orange-7XL,0,50
CR-F51-High-Vis-Yellow-/-Navy-XL,0,39
CR-V22-Maroon-2XL,0,50
LW-W05-Pink-M,0,0
CR-P26-High-Vis-Orange-Navy-5XL,0,160
CR-V22-Pea-Green-XS,0,30
CR-P26-High-Vis-Orange-Navy-7XL,0,160
CR-V32P-High-Vis-Orange-M,0,347
CR-V22-White-L,2,199
CR-P26-High-Vis-Orange-Navy-XS,0,80
CR-F51-High-Vis-Orange-/-Navy-S,0,21
CR-V22P-High-Vis-Orange-XL,0,0
CR-P41-High-Vis-Orange-/-Grey-L,0,239
CR-V22-Bottle-Green-S,0,200
CR-V22-Black-7XL,0,46
CR-V33-High-Vis-Orange-S,0,99
CR-P41-High-Vis-Yellow-/-Navy-XL,0,50
CR-V32-High-Vis-Orange-XL,99,1468
CR-P36-High-Vis-Orange-/-Navy-M,2,249
CR-P41-High-Vis-Orange-/-Grey-S,0,50
CR-V22-Maroon-XS,0,100
CR-F22-High-Vis-Orange-/-Navy-5XL,0,45
CR-V22-Light-Blue-7XL,0,50
CR-S21-High-Vis-Yellow-/-Navy-S,0,483
CR-P21-High-Vis-Yellow-/-Navy-S,0,754
CR-V34-High-Vis-Yellow-/-Navy-L,0,178
CR-V22-High-Vis-Orange-XS,0,518
CR-HVS462-High-Vis-Orange-/-Navy-M,0,50
CR-P21-High-Vis-Yellow-/-Navy-2XL,0,799
CR-F51-High-Vis-Orange-/-Navy-3XL,0,41
CR-V22-Light-Blue-L,0,474
CR-V22-Aqua-7XL,0,50
CR-V22-High-Vis-Yellow-7XL,0,186
CR-V33-High-Vis-Yellow-2XL,0,75
CR-VDN-STAFF-HIGH-VIS-ORANGE-XL,0,0
CR-S21-High-Vis-Yellow-/-Navy-XS,0,0
CR-V33-High-Vis-Yellow-L,0,151
CR-P26-High-Vis-Yellow-Navy-5XL,0,120
SY-ZT460-High-Vis-Yellow-Navy-S,0,1
CR-P41-High-Vis-Yellow-/-Pink-M,0,25
CR-T21-High-Vis-Yellow-S,2,495
CR-V52-High-Vis-Yellow-M,0,892
CR-V22-Maroon-3XL,0,50
CR-V52-High-Vis-Orange-3XL,0,91
CR-V22-Maroon-M,0,250
CR-P26-High-Vis-Yellow-Navy-L,342,430
CR-P41-Black-/-White-S,0,0
CR-F51-High-Vis-Yellow-/-Navy-5XL,0,20
CR-F41-High-Vis-Yellow-/-Navy-M,0,20
CR-F51-High-Vis-Yellow-/-Navy-3XL,0,120
CR-CAP-AW-Yellow-Free Size,6,89
CR-V22-High-Vis-Yellow-L,84,4495
CR-V22-Bottle-Green-L,0,489
CR-P41-High-Vis-Yellow-/-Navy-L,0,100
CR-V22-High-Vis-Yellow-S,0,1865
CR-P41-High-Vis-Yellow-/-Pink-3XL,0,50
CR-V22-Royal-S,0,143
CR-V32P-High-Vis-Orange-2XL,1,80
CR-P21-High-Vis-Yellow-/-Navy-7XL,0,200
CR-P31-High-Vis-Yellow-/-Navy-5XL,0,100
gv-hvp26-High-Vis-Yellow-Navy-5XL,0,100
CR-P41-High-Vis-Yellow-/-Grey-7XL,0,1
CR-V22P-High-Vis-Yellow-M,0,0
CR-V22P-High-Vis-Orange-2XL,0,27
CR-V22-White-7XL,0,0
WSK131-CRIMSON-2,0,0
CR-P26-High-Vis-Yellow-Navy-S,0,214
CR-V16-High-Vis-Yellow-8-10,0,98
CR-V22-Light-Blue-3XL,0,45
CR-V32-High-Vis-Yellow-5XL,8,73
CR-P46-High-Vis-Orange-/-Grey-XL,0,73
CR-V22-White-S,0,586
LW-W05-Red-3XL,0,2
CR-F40-High-Vis-Orange-Navy-3XL,0,100
CR-V35-High-Vis-Orange-M,0,95
SY-ZT460-High-Vis-Yellow-Navy-5XL,0,0
CR-P31-High-Vis-Orange-/-Navy-L,0,300
TG-HHYAW-Yellow-Free Size,0,74
CR-V52-High-Vis-Orange-5XL,0,100
CR-V22-Sun-Yellow-S,0,185
CR-P41-High-Vis-Yellow-/-Navy-3XL,0,50
CR-P21-High-Vis-Orange-/-Navy-XL,10,1069
CR-V22-Navy-XS,0,100
CR-V37-High-Vis-Red-5XL,0,93
CR-V32P-High-Vis-Yellow-7XL,0,50
CR-V22-High-Vis-Yellow-XS,0,561
WSK131-Cobalt-Blue-2,0,0
CR-V37-High-Vis-Red-XL,10,173
CR-V32-High-Vis-Orange-L,33,1177
CR-P36-High-Vis-Yellow-/-Navy-3XL,0,100
CR-V32-Pink-XL,0,0
CR-V22-Bottle-Green-XS,0,100
CR-CAP-FA-Green-Free Size,13,72
RAMO-TP212S-Black-S,0,0
LW-W05-Purple-L,0,5
CR-V22-White-XL,16,2564
CR-V22-Aqua-XL,0,218
CR-V22-Pink-M,0,557
CR-V32-High-Vis-Yellow-3XL,25,109
CR-V33-High-Vis-Yellow-S,0,87
CR-V22-Light-Blue-2XL,0,25
CR-V22-Bottle-Green-7XL,0,50
CR-V22-Sun-Yellow-L,2,106
CR-V35-High-Vis-Orange-L,0,139
CR-V22-Purple-S,0,135
CR-F51-High-Vis-Yellow-/-Navy-2XL,0,80
CR-P41-Black-/-Grey-M,0,50
CR-P31-High-Vis-Orange-/-Navy-3XL,0,149
CR-P41-White-/-Grey-XL,0,44
CR-P36-High-Vis-Yellow-/-Navy-M,0,250
CR-V22-Bottle-Green-M,0,250
CR-P21-High-Vis-Yellow-/-Navy-L,0,625
CR-V22-Aqua-L,0,332
CR-P31-High-Vis-Yellow-/-Navy-XL,0,450
CR-V22-High-Vis-Orange-3XL,4,178
CR-P41-High-Vis-Yellow-/-Navy-2XL,0,50
CR-T21-High-Vis-Yellow-XS,0,0
CR-P41-High-Vis-Yellow-/-Navy-S,0,50
CR-V52-High-Vis-Yellow-2XL,0,495
CR-P41-High-Vis-Yellow-/-Navy-M,0,50
CR-V52-High-Vis-Orange-XL,4,465
CR-V32-High-Vis-Orange-5XL,0,195
CR-T21-High-Vis-Yellow-5XL,0,250
gv-hvp26-High-Vis-Yellow-Navy-XL,0,84
CR-P31-High-Vis-Yellow-/-Navy-S,0,250
CR-V32-High-Vis-Orange-M,42,626
CR-F41-High-Vis-Yellow-/-Navy-5XL,0,50
CR-V22-Black-XL,0,274
CR-HVS462-High-Vis-Orange-/-Navy-2XL,0,50
CR-V32P-High-Vis-Yellow-XL,6,29
JB-6HFV-Aqua-3XL,0,10
CR-V22-Sun-Yellow-7XL,0,50
CR-V34-High-Vis-Orange-/-Navy-M,0,196
CR-V52-High-Vis-Orange-M,0,476
CR-V22-Red-XS,0,198
gv-hvp26-High-Vis-Yellow-Navy-S,0,96
CR-V33-High-Vis-Yellow-3XL,0,50
BL-T28-Heather-Grey-L,0,0
CR-P26-High-Vis-Yellow-Navy-3XL,0,160
CR-V10-High-Vis-Orange-2,0,200
CR-P36-High-Vis-Yellow-/-Navy-7XL,0,100
CR-V22-Pink-XS,0,213
CR-P21-High-Vis-Orange-/-Navy-L,10,759
CR-V22P-High-Vis-Orange-L,0,15
CR-V22-Royal-XS,0,96
RM-T111HD-Black-3XL,0,0
gv-hvp26-High-Vis-Yellow-Navy-2XL,0,100
CR-F41-High-Vis-Orange-/-Navy-XL,0,80
CR-V22-High-Vis-Yellow-2XL,0,592
CR-V33-High-Vis-Orange-7XL,0,0
CR-V32-High-Vis-Orange-7XL,0,235
CR-F22-High-Vis-Orange-/-Navy-M,0,85
CR-P41-High-Vis-Yellow-/-Pink-XL,0,50
CR-VDN-STAFF-HIGH-VIS-YELLOW-S,0,0
CR-P31-High-Vis-Yellow-/-Navy-7XL,0,100
CR-V32P-High-Vis-Yellow-M,7,114
CR-T21-High-Vis-Yellow-XL,10,296
CR-P26-High-Vis-Orange-Navy-2XL,2,301
CR-V22P-High-Vis-Yellow-3XL,0,49
CR-V32P-High-Vis-Orange-5XL,0,50
CR-P26-High-Vis-Yellow-Navy-M,0,1
CR-P41-White-/-Grey-S,0,50
CR-V32P-High-Vis-Yellow-3XL,0,87
CR-V32-Pink-S,67,251
CR-V33-High-Vis-Yellow-M,0,150
CR-V22-Red-2XL,64,2560
CR-V22-Pea-Green-M,8,212
CR-V22-Maroon-5XL,0,50
CR-V22-High-Vis-Yellow-5XL,0,345
TG-HHRWA-Red-Free,0,46
CR-F41-High-Vis-Orange-/-Navy-2XL,0,99
CR-F51-High-Vis-Yellow-/-Navy-M,0,0
CR-F22-High-Vis-Yellow-/-Navy-2XL,0,100
RAMO-TP212H-Black-M,0,0
CR-V22-Bottle-Green-2XL,0,99
LW-W05-Pink-S,0,0
RM-T111HD-Black-XL,0,0
CR-V22P-High-Vis-Orange-S,0,36
CR-P46-High-Vis-Yellow-/-Grey-S,0,40
CR-V34-High-Vis-Yellow-/-Navy-XL,0,165
CR-V38-High-Vis-Orange-2XL,0,82
CR-V22-Red-S,2,519
CR-V22-Sun-Yellow-M,1,91
CR-F22-High-Vis-Orange-/-Navy-L,0,100
CR-P46-High-Vis-Yellow-/-Grey-L,0,160
CR-F22-High-Vis-Orange-/-Navy-3XL,0,65
WSK131-Electric-Green-2,0,0
CR-V22-Navy-XL,0,247
CR-V52-High-Vis-Orange-7XL,0,75
CR-V22-Light-Blue-5XL,0,49
CR-P41-High-Vis-Yellow-/-Navy-7XL,0,50
CR-P41-High-Vis-Orange-/-Grey-2XL,0,45
CR-P41-High-Vis-Yellow-/-Grey-3XL,0,49
CR-V22-Pea-Green-XL,5,138
CR-V22-Pea-Green-5XL,0,143
CR-V38-High-Vis-Orange-M,0,20
CR-V22-Black-S,0,179
CR-F22-High-Vis-Yellow-/-Navy-5XL,0,60
LW-W11-High-Vis-Yellow-Grey-XL,0,3
CR-P21-High-Vis-Orange-/-Navy-5XL,0,199
CR-P36-High-Vis-Orange-/-Navy-3XL,0,98
CR-P41-High-Vis-Yellow-/-Grey-5XL,0,51
CR-V12-High-Vis-Orange-8-10,0,148
CR-V22-Royal-M,0,50
CR-V22-White-XS,0,48
CR-V22P-High-Vis-Yellow-S,0,35
CR-V34-High-Vis-Orange-/-Navy-7XL,0,100
CR-V32-Pink-M,68,191
CR-V32P-High-Vis-Orange-XL,1,198
CR-V33-High-Vis-Yellow-XL,0,100
CR-V32P-High-Vis-Orange-7XL,0,0
CR-V22-High-Vis-Orange-7XL,0,102
CR-V22-Royal-5XL,0,46
CR-V37-High-Vis-Red-2XL,10,196
CR-V52-High-Vis-Yellow-3XL,0,200
CR-V52-High-Vis-Yellow-7XL,0,100
CR-VDN-STAFF-HIGH-VIS-YELLOW-2XL,0,0
CR-CAP-CO-White-Free Size,1,209
LW-W05-Pink-L,0,0
CR-V38-High-Vis-Orange-L,0,169
CR-S21-High-Vis-Yellow-/-Navy-L,0,436
CR-F41-High-Vis-Yellow-/-Navy-L,0,10
SY-ZT460-High-Vis-Yellow-Navy-XL,0,2
CR-P31-High-Vis-Orange-/-Navy-XL,0,349
CR-VDN-STAFF-HIGH-VIS-ORANGE-M,0,0
CR-V22-Purple-2XL,0,25
CR-V52-High-Vis-Orange-L,6,669
CR-V22-Royal-3XL,0,47
CR-V34-High-Vis-Orange-/-Navy-2XL,0,143
WSK131-Cobalt-Blue-4,0,0
CR-V22P-High-Vis-Orange-5XL,0,47
CR-F22-High-Vis-Yellow-/-Navy-XS,0,20
CR-V35-High-Vis-Orange-2XL,0,50
CR-P26-High-Vis-Orange-Navy-XL,8,675
CR-V22P-High-Vis-Yellow-5XL,0,49
CR-V22-Purple-5XL,0,42
CR-V34-High-Vis-Orange-/-Navy-XL,0,183
CR-V16-High-Vis-Orange-12-14,8,87
CR-P46-High-Vis-Yellow-/-Grey-3XL,0,40
CR-V32P-High-Vis-Yellow-S,5,135
CR-P36-High-Vis-Orange-/-Navy-7XL,0,100
CR-V16-High-Vis-Orange-8-10,4,96
CR-V32-Pink-7XL,1,140
CR-P41-High-Vis-Yellow-/-Grey-XL,0,250
CR-V22-Sun-Yellow-3XL,0,94
CR-V22-Aqua-XS,0,49
CR-V32-Pink-L,29,119
CR-V52-High-Vis-Yellow-5XL,0,199
LW-W05-Sky-Blue-2XL,0,0
CR-P31-High-Vis-Yellow-/-Navy-L,0,500
CR-P36-High-Vis-Yellow-/-Navy-5XL,0,100
CR-VDN-STAFF-HIGH-VIS-YELLOW-XL,0,0
CR-V22-Pea-Green-3XL,3,91
CR-F22-High-Vis-Orange-/-Navy-XL,0,320
CR-V22-Aqua-2XL,0,23
